Rank,Ticker,Score,Verdict,Setup_Type,Regime,Trend_Note,Asset_Note,Structure,Prev_Label,Last_Label,Bars_Since_Flip,RSI,MRC_Zone,Stop_Dist_Pct,Room_To_Resist_Pct,RR_Ratio,Current_Price,Nearest_Support,Nearest_Resistance,ATH_Dist_Pct,Market_Cap_M,RET30,Held_QTY,SELL_ORDER,Earnings,s_structure,s_setup,s_fresh,s_stop,s_room,s_oversold,s_penalty
1,CEG,90,A-READY,CONTINUATION,BEAR,against (1/3),watchlist,BULLISH,HL,HH,3.0,37.99,Near_Mean,1.4,17.8,12.7,259.53,255.77,305.8,-35.21,91953.4,-2.74,,,,37,12,15,12,6,8,0
2,MSTX,89,A-READY,CONTINUATION,BEAR,confirmed (3/3),LEVERAGED ETF - decays | -99% from ATH,BULLISH,HH,HL,1.0,49.8,Near_Mean,3.7,34.1,9.2,12.95,12.47,17.37,-99.38,,47.83,,,,40,12,15,8,8,6,0
3,CRWV,88,A-READY,CONTINUATION,BULL,partial (2/3),,BULLISH,HH,HL,7.0,45.5,Near_Mean,3.4,25.5,7.5,83.35,80.52,104.59,-56.14,45970.57,-9.3,,,,40,12,12,10,8,6,0
4,NBIS,88,A-READY,CONTINUATION,BULL,partial (2/3),,BULLISH,HH,HL,7.0,46.46,Near_Mean,2.6,21.7,8.3,209.37,203.87,254.74,-26.13,53158.66,-7.25,1,NO_SELL,,40,12,12,10,8,6,0
5,MSTR,87,A-READY,CONTINUATION,BEAR,confirmed (3/3),,BULLISH,HH,HL,1.0,52.35,Near_Mean,3.8,14.9,3.9,126.18,121.38,144.92,-76.08,50129.0,29.22,296,SELL,,40,12,15,8,6,6,0
6,APH,86,A-READY,CONTINUATION,BEAR,partial (1/3),,BULLISH,HL,HH,2.0,43.05,Near_Mean,2.0,9.3,4.7,77.26,75.75,84.48,-12.26,190520.61,-9.81,,,,37,12,15,10,4,8,0
7,CORZ,86,A-READY,CONTINUATION,BULL,against (1/3),,BULLISH,HH,HL,7.0,42.69,OS,5.2,13.2,2.5,16.88,16.01,19.1,-42.03,5424.23,-26.0,,,,40,12,12,5,6,11,0
8,CLSK,84,A-READY,CONTINUATION,BULL,against (1/3),-91% from ATH,BULLISH,HH,HL,7.0,50.46,Near_Mean,3.4,9.7,2.9,12.79,12.36,14.03,-91.05,3284.69,-9.74,,,,40,12,12,10,4,6,0
9,IREN,84,A-READY,CONTINUATION,BULL,partial (2/3),,BULLISH,HH,HL,7.0,51.53,Near_Mean,3.9,15.4,3.9,42.62,40.97,49.19,-40.39,16794.78,4.33,,,,40,12,12,8,6,6,0
10,SIMO,84,A-READY,CONTINUATION,BULL,against (1/3),trade only - customer concentration,BULLISH,HH,HL,7.0,47.51,Near_Mean,4.6,18.7,4.1,245.2,233.86,291.16,-30.23,8314.18,-0.15,7,SELL,,40,12,12,8,6,6,0
11,CTVA,83,A-READY,CONTINUATION,BEAR,against (0/3),,BULLISH,HL,HH,1.0,43.2,Near_Mean,7.7,12.1,1.6,81.01,74.78,90.78,-10.69,54049.55,3.67,,,,37,12,15,5,6,8,0
12,GLXY,82,A-READY,CONTINUATION,BEAR,partial (2/3),,BULLISH,HL,HH,2.0,44.18,Near_Mean,10.1,23.6,2.3,22.27,20.01,27.52,-49.04,13123.65,0.59,,,,37,12,15,2,8,8,0
13,NOC,80,A-READY,CONTINUATION,BULL,against (0/3),,BULLISH,HL,HH,3.0,46.32,Near_Mean,2.7,1.3,0.5,529.5975,515.25,536.62,-31.46,75236.22,-3.33,,,,37,12,15,10,0,6,0
14,BWXT,78,A-READY,CONTINUATION,BEAR,against (2/3),,BULLISH,HL,HH,4.0,35.19,OS,8.8,11.8,1.3,145.66,132.89,162.91,-39.0,13345.66,-15.38,,,,37,12,12,2,4,11,0
15,NBR,78,A-READY,TURN,BEAR,confirmed (3/3),"small-cap $1,302M | -97% from ATH",MIXED,LH,HL,3.0,42.44,Near_Mean,1.1,13.1,11.9,85.72,84.81,96.91,-96.59,1302.22,2.55,,,,25,12,15,12,6,8,0
16,SMR,77,A-READY,CONTINUATION,BEAR,against (1/3),,BULLISH,HL,HH,4.0,44.32,Near_Mean,13.1,31.0,2.4,8.68,7.54,11.37,-84.92,3553.97,-7.89,,,,37,12,12,0,8,8,0
17,ARM,76,A-READY,CONTINUATION,BEAR,against (2/3),AVOID: ~101x fwd,BULLISH,HH,HL,21.0,45.23,Below_Mean,2.4,9.7,4.0,243.98,238.03,267.69,-43.3,260570.28,-13.04,,,,40,12,2,10,4,8,0
18,CIEN,76,A-READY,TURN,BULL,against (0/3),,MIXED,LH,HL,0.0,43.34,OS,6.5,23.0,3.5,340.5,318.43,418.72,-66.04,48285.8,-17.18,,,,25,12,15,5,8,11,0
19,DPRO,76,A-READY,CONTINUATION,BULL,confirmed (3/3),micro-cap $202M | -99% from ATH,BULLISH,HH,HL,28.0,54.69,Near_Mean,4.6,20.1,4.4,5.43,5.18,6.52,-98.68,201.72,23.41,,,,40,12,2,8,8,6,0
20,BE,75,A-READY,CONTINUATION,BULL,confirmed (3/3),watchlist,BULLISH,HH,HL,9.0,61.01,Near_Mean,7.8,18.5,2.4,270.02,249.05,320.0,-18.28,79528.27,18.37,29,SELL,,40,12,8,5,6,4,0
21,RIOT,74,A-READY,CONTINUATION,BULL,against (2/3),,BULLISH,HH,HL,7.0,53.37,Near_Mean,9.0,6.6,0.7,21.45,19.51,22.87,-73.04,8049.3,-0.19,,,,40,12,12,2,2,6,0
22,AMD,73,A-READY,CONTINUATION,BULL,confirmed (3/3),trade only - worse value vs NVDA/AVGO,BULLISH,HH,HL,7.0,56.08,Near_Mean,6.3,3.4,0.5,512.5,480.33,530.13,-9.72,836643.45,-1.17,5,SELL,,40,12,12,5,0,4,0
23,GLW,72,A-READY,BREAKOUT,BULL,against (2/3),watchlist,MIXED,LL,HH,7.0,42.84,Below_Mean,1.9,18.8,9.9,144.16,141.36,171.3,-44.5,123925.39,-9.67,,,,22,10,12,12,6,10,0
24,HOOD,72,A-READY,CONTINUATION,BULL,partial (2/3),,BULLISH,HL,HH,18.0,47.02,Above_Mean,3.6,19.9,5.5,104.42,100.68,125.25,-28.99,93882.17,11.67,1,NO_SELL,,37,12,5,8,6,4,0
25,TSM,72,A-READY,CONTINUATION,BULL,partial (2/3),TIER 1,BULLISH,HH,HL,25.0,52.18,Near_Mean,3.0,4.5,1.5,424.11,411.45,443.1,-11.54,2199635.36,2.7,13,SELL,,40,12,2,10,2,6,0
26,ORCL,71,A-READY,CONTINUATION,BULL,against (2/3),,BULLISH,HL,HH,33.0,48.67,Near_Mean,4.5,16.7,3.7,146.27,139.72,170.7,-56.97,442281.89,1.32,,,,37,12,2,8,6,6,0
27,WTI,71,A-READY,CONTINUATION,BULL,confirmed (3/3),small-cap $578M | -94% from ATH,BULLISH,HL,HH,27.0,49.77,Near_Mean,3.7,12.3,3.3,3.83,3.69,4.3,-93.63,578.11,18.15,,,,37,12,2,8,6,6,0
28,BMNR,70,A-READY,CONTINUATION,BEAR,partial (1/3),,BULLISH,HL,HH,1.0,50.39,OB,23.7,16.6,0.7,22.81,17.4,26.6,-85.4,13759.59,26.02,,,,37,12,15,0,6,0,0
29,VST,70,A-READY,CONTINUATION,BULL,partial (2/3),watchlist,BULLISH,HL,HH,9.0,50.09,Near_Mean,6.8,7.0,1.0,144.72,134.9,154.9,-34.01,48573.12,2.84,9,NO_SELL,,37,12,8,5,2,6,0
30,IBM,69,B-WATCH,CONTINUATION,BULL,partial (2/3),,BULLISH,HL,HH,31.0,50.28,Near_Mean,3.1,6.0,1.9,237.49,230.2,251.82,-27.81,223747.51,1.72,,,,37,12,2,10,2,6,0
31,ASTS,68,B-WATCH,TURN,BEAR,against (1/3),,MIXED,LH,HL,19.0,43.8,Below_Mean,3.4,13.4,3.9,59.27,57.27,67.2,-53.65,23065.96,-15.7,,,,25,12,5,10,6,10,0
32,TSLA,68,B-WATCH,CONTINUATION,BULL,partial (2/3),,BULLISH,HH,HL,27.0,55.76,Near_Mean,4.0,4.2,1.1,368.655,354.05,384.04,-25.7,1456020.39,14.59,239,SELL,,40,12,2,8,2,4,0
33,MRVL,67,B-WATCH,TURN,BULL,confirmed (3/3),trade only - worse value in-theme,MIXED,LH,HL,0.0,52.66,Near_Mean,7.0,9.5,1.4,229.71,213.63,251.64,-26.21,206441.45,5.09,14,NO_SELL,,25,12,15,5,4,6,0
34,RDDT,67,B-WATCH,CONTINUATION,BEAR,against (1/3),trade only - binary catalyst,BULLISH,HL,HH,20.0,47.59,Near_Mean,6.2,5.3,0.9,154.36,144.8,162.5,-45.04,29698.33,-0.58,,,,37,12,5,5,2,6,0
35,AEHR,66,B-WATCH,TURN,BEAR,against (0/3),trade only - binary catalyst,MIXED,LH,HL,15.0,44.83,Near_Mean,3.9,22.0,5.6,84.25,80.95,102.79,-40.79,2751.57,-23.33,26,NO_SELL,,25,12,5,8,8,8,0
36,LITE,66,B-WATCH,CONTINUATION,BULL,confirmed (3/3),watchlist,BULLISH,HH,HL,31.0,53.23,Near_Mean,9.5,8.6,0.9,919.4,832.11,998.5,-14.93,82470.18,8.23,3,SELL,,40,12,2,2,4,6,0
37,COHR,64,B-WATCH,CONTINUATION,BEAR,against (0/3),watchlist,BULLISH,HH,HL,21.0,49.21,Near_Mean,8.4,6.1,0.7,289.93,265.49,307.49,-31.9,56777.64,-10.44,,,,40,12,2,2,2,6,0
38,SMCI,64,B-WATCH,CONTINUATION,BULL,confirmed (3/3),,BULLISH,HL,HH,40.0,54.73,Above_Mean,7.3,8.0,1.1,38.45,35.63,41.53,-68.56,24845.23,26.48,,,,37,12,2,5,4,4,0
39,STRC,64,B-WATCH,CONTINUATION,BULL,partial (2/3),no mkt cap - ETF/fund,BULLISH,HH,HL,34.0,62.8,OB,0.4,1.2,3.0,97.3505,96.99,98.53,-2.87,,5.07,,,,40,12,2,12,0,-2,0
40,BKR,62,B-WATCH,BREAKOUT,BEAR,against (1/3),,MIXED,LL,HH,18.0,28.58,Below_Mean,3.7,16.2,4.4,56.32,54.22,65.44,-43.75,55907.4,-8.43,,,,22,10,5,8,6,11,0
41,GOOG,61,B-WATCH,BREAKOUT,BULL,against (0/3),TIER 2,MIXED,LL,HH,3.0,49.46,Near_Mean,4.0,2.1,0.5,339.36,325.63,346.45,-15.1,4150350.58,-9.53,0,NO_SELL,,22,10,15,8,0,6,0
42,SITM,61,B-WATCH,BREAKOUT,BULL,against (0/3),trade only - customer concentration,MIXED,LL,HH,4.0,46.94,Near_Mean,6.7,12.3,1.8,574.525,536.11,645.0,-35.99,17276.56,5.78,,,,22,10,12,5,6,6,0
43,XLE,61,B-WATCH,CONTINUATION,BULL,partial (2/3),no mkt cap - ETF/fund,BULLISH,HL,HH,51.0,53.98,OB,0.9,3.5,3.9,63.94,63.38,66.17,-3.32,,11.55,,,,37,12,0,12,0,0,0
44,PL,60,B-WATCH,BREAKOUT,BEAR,against (1/3),,MIXED,LL,HH,9.0,24.94,OS,29.8,57.2,1.9,16.24,11.4,25.53,-68.3,5908.89,-27.25,,,,22,10,8,0,8,12,0
45,UPXI,60,B-WATCH,CONTINUATION,BULL,confirmed (3/3),micro-cap $79M | -99% from ATH,BULLISH,HL,HH,3.0,56.77,Above_Mean,10.2,2.7,0.3,1.0804,0.97,1.11,-99.43,79.36,27.86,,,EARNINGS SOON,37,12,15,2,0,2,-8
46,APP,58,B-WATCH,BREAKOUT,BULL,against (1/3),,MIXED,LL,HH,3.0,47.32,OS,8.1,2.7,0.3,326.56,300.09,335.45,-55.81,109283.48,-22.19,,,,22,10,15,2,0,9,0
47,AAPL,57,B-WATCH,CONTINUATION,BULL,confirmed (3/3),,BULLISH,HL,HH,20.0,62.15,OB,6.8,1.1,0.2,332.41,309.9,336.22,-3.36,4851251.54,7.54,,,,37,12,5,5,0,-2,0
48,MXL,57,B-WATCH,TURN,BEAR,partial (2/3),,MIXED,LH,HL,17.0,51.31,Near_Mean,6.9,9.7,1.4,69.51,64.71,76.24,-42.39,6304.08,-4.41,,,,25,12,5,5,4,6,0
49,TER,57,B-WATCH,TURN,BEAR,against (0/3),,MIXED,LH,HL,15.0,47.75,Near_Mean,7.8,9.0,1.2,353.835,326.37,385.68,-27.68,55318.83,-9.1,,,,25,12,5,5,4,6,0
50,NEE,56,B-WATCH,BREAKOUT,BEAR,against (1/3),watchlist,MIXED,LL,HH,33.0,29.26,OS,4.6,4.6,1.0,80.37,76.69,84.1,-18.22,167620.12,-7.14,5,NO_SELL,,22,10,2,8,2,12,0
51,CRWD,40,C-NEUTRAL,TURN,BULL,confirmed (3/3),,MIXED,LH,HL,14.0,63.92,OB,15.4,,,241.36,204.27,,-3.99,247136.91,14.27,,,,25,12,5,0,0,-2,0
52,IDR,39,C-NEUTRAL,WEAK,BEAR,against (1/3),micro-cap $443M,MIXED,HL,LH,5.0,36.15,Below_Mean,2.0,17.6,8.8,28.0,27.45,32.94,-48.34,443.13,-8.14,,,,13,0,0,10,6,10,0
53,LRCX,38,C-NEUTRAL,DOWNTREND,BEAR,against (1/3),,MIXED,HH,LL,11.0,36.03,Below_Mean,1.4,19.4,13.9,269.23,265.37,321.41,-36.83,336893.15,-15.27,1,NO_SELL,,10,0,0,12,6,10,0
54,META,37,D-WEAK,TURN,BULL,confirmed (3/3),TIER 2,MIXED,LH,HL,9.0,72.24,OB,17.4,1.3,0.1,673.31,556.1,681.87,-14.66,1715261.41,14.52,10,SELL,,25,12,8,0,0,-8,0
55,CFG,36,D-WEAK,WEAK,BEAR,against (1/3),,MIXED,HL,LH,20.0,34.2,Near_Mean,1.3,6.2,4.8,66.84,65.99,71.0,-10.24,28151.46,-9.28,,,,13,0,0,12,2,9,0
56,WDC,36,D-WEAK,DOWNTREND,BEAR,against (0/3),trade only - storage cyclical,MIXED,HH,LL,3.0,40.07,Below_Mean,3.3,17.7,5.4,421.045,407.35,495.49,-47.03,151935.55,-18.88,,,,10,0,0,10,6,10,0
57,MTSI,32,D-WEAK,DOWNTREND,BEAR,against (1/3),,MIXED,HH,LL,3.0,42.68,OS,6.4,13.7,2.1,251.75,235.63,286.18,-37.4,19226.38,-7.89,,,,10,0,0,5,6,11,0
58,MU,32,D-WEAK,DOWNTREND,BULL,against (1/3),trade only - memory cyclical,MIXED,HH,LL,8.0,46.77,Near_Mean,0.8,11.8,14.8,926.55,918.88,1035.5,-22.67,1046439.2,3.8,2,NO_SELL,,10,0,0,12,4,6,0
59,ALAB,31,D-WEAK,DOWNTREND,BEAR,confirmed (3/3),trade only - customer concentration,MIXED,HH,LL,3.0,43.77,Below_Mean,6.5,19.5,3.0,269.18,251.62,321.65,-43.45,46698.72,-25.57,,,,10,0,0,5,6,10,0
60,LUNR,30,D-WEAK,WEAK,BEAR,against (1/3),,MIXED,HL,LH,3.0,37.45,OS,18.6,15.6,0.8,13.87,11.29,16.03,-89.38,2225.47,-0.64,,,,13,0,0,0,6,11,0
61,MNST,30,D-WEAK,DOWNTREND,BEAR,against (1/3),,MIXED,HH,LL,11.0,44.16,Near_Mean,4.1,10.5,2.6,44.57,42.74,49.24,-11.09,87314.94,-5.35,,,,10,0,0,8,4,8,0
62,NET,30,D-WEAK,BREAKOUT,BULL,partial (1/3),watchlist,MIXED,LL,HH,75.0,59.88,OB,14.9,3.8,0.3,320.1,272.29,332.22,-3.24,113981.12,7.74,,,,22,10,0,0,0,-2,0
63,AMAT,29,D-WEAK,WEAK,BEAR,against (1/3),,BEARISH,LL,LH,51.0,33.03,OS,4.6,14.1,3.1,415.38,396.45,474.04,-42.52,329644.51,-23.93,,,,3,0,0,8,6,12,0
64,COPX,29,D-WEAK,WEAK,BEAR,against (0/3),no mkt cap - ETF/fund,MIXED,HL,LH,5.0,40.76,Near_Mean,11.1,14.6,1.3,84.19,74.85,96.5,-13.55,,0.24,,,,13,0,0,2,6,8,0
65,ABTC,28,D-WEAK,WEAK,BULL,confirmed (3/3),small-cap $992M | -100% from ATH,MIXED,HL,LH,31.0,51.28,Near_Mean,6.0,8.8,1.5,8.14,7.65,8.86,-100.0,991.61,32.57,,,,13,0,0,5,4,6,0
66,LTBR,28,D-WEAK,WEAK,BEAR,against (1/3),micro-cap $228M | -100% from ATH,BEARISH,LL,LH,13.0,31.96,OS,5.7,25.3,4.4,6.47,6.1,8.11,-99.58,227.98,-27.55,,,,3,0,0,5,8,12,0
67,CRCL,27,D-WEAK,WEAK,BEAR,partial (2/3),,MIXED,HL,LH,2.0,45.43,Near_Mean,25.5,21.5,0.8,80.45,59.96,97.75,-72.25,21930.19,27.19,,,,13,0,0,0,8,6,0
68,SNDK,27,D-WEAK,WEAK,BULL,partial (2/3),trade only - memory cyclical,MIXED,HL,LH,24.0,51.78,Near_Mean,11.2,13.3,1.2,1594.99,1416.56,1807.38,-32.15,233536.85,18.13,2,NO_SELL,,13,0,0,2,6,6,0
69,STX,27,D-WEAK,DOWNTREND,BEAR,against (1/3),trade only - storage cyclical,MIXED,HH,LL,2.0,45.83,Near_Mean,5.2,14.9,2.9,805.765,763.52,925.44,-30.38,183225.34,-3.81,,,,10,0,0,5,6,6,0
70,ASML,26,D-WEAK,DOWNTREND,BEAR,against (1/3),,BEARISH,LH,LL,3.0,39.45,Below_Mean,1.8,11.7,6.5,1602.22,1572.84,1790.0,-18.63,615412.66,-6.41,,,,0,0,0,12,4,10,0
71,NVDA,26,D-WEAK,DOWNTREND,BEAR,partial (1/3),TIER 1,MIXED,HH,LL,3.0,50.64,Near_Mean,4.0,5.7,1.4,217.7101,208.93,230.21,-7.96,5256654.09,-0.5,1,NO_SELL,,10,0,0,8,2,6,0
72,RCAT,26,D-WEAK,WEAK,BEAR,against (1/3),"small-cap $1,103M | -100% from ATH",BEARISH,LL,LH,13.0,35.55,Below_Mean,7.2,23.3,3.2,7.2197,6.7,8.9,-100.0,1102.55,-16.52,,,,3,0,0,5,8,10,0
73,VRT,26,D-WEAK,DOWNTREND,BEAR,against (2/3),watchlist,MIXED,HH,LL,5.0,45.18,Below_Mean,8.9,18.6,2.1,249.0414,226.94,295.27,-34.46,95877.99,-10.06,,,,10,0,0,2,6,8,0
74,APLD,25,D-WEAK,DOWNTREND,BEAR,against (2/3),,BEARISH,LH,LL,56.0,41.46,OS,4.1,19.5,4.8,24.39,23.39,29.15,-48.15,6934.17,-22.0,,,,0,0,0,8,6,11,0
75,ONDS,25,D-WEAK,WEAK,BEAR,against (1/3),,BEARISH,LL,LH,13.0,41.98,Below_Mean,4.6,8.3,1.8,7.3399,7.0,7.95,-53.84,4265.28,-17.25,,,,3,0,0,8,4,10,0
76,QBTS,25,D-WEAK,WEAK,BEAR,against (1/3),AVOID: quantum,BEARISH,LL,LH,15.0,44.65,Below_Mean,4.3,9.2,2.1,16.92,16.19,18.48,-64.1,6423.28,-20.87,,,,3,0,0,8,4,10,0
77,RTX,25,D-WEAK,DOWNTREND,BEAR,against (0/3),,BEARISH,LH,LL,19.0,32.64,Near_Mean,1.5,9.0,6.0,195.94,193.05,213.5,-13.6,264079.72,-11.57,,,,0,0,0,12,4,9,0
78,SE,25,D-WEAK,WEAK,BEAR,against (0/3),,BEARISH,LL,LH,12.0,36.73,Near_Mean,4.7,12.2,2.6,102.43,97.59,114.9,-72.35,62736.79,-10.86,,,,3,0,0,8,6,8,0
79,SSK,25,D-WEAK,WEAK,BEAR,partial (2/3),no mkt cap - ETF/fund,MIXED,HL,LH,1.0,55.4,OB,0.2,7.0,35.0,13.24,13.21,14.17,-65.52,,32.81,,,,13,0,0,12,2,-2,0
80,ETHA,24,D-WEAK,DOWNTREND,BEAR,partial (2/3),no mkt cap - ETF/fund,MIXED,HH,LL,2.0,56.75,OB,1.4,10.9,7.8,18.15,17.9,20.12,-49.95,,28.27,,,,10,0,0,12,4,-2,0
81,INVA,24,D-WEAK,DOWNTREND,BEAR,against (1/3),"small-cap $1,532M",MIXED,HH,LL,5.0,51.96,Near_Mean,3.5,1.5,0.4,21.2,20.45,21.51,-38.7,1531.6,1.63,,,,10,0,0,8,0,6,0
82,INOD,23,D-WEAK,DOWNTREND,BULL,against (1/3),"small-cap $1,905M",BEARISH,LH,LL,0.0,43.45,Below_Mean,5.1,20.2,4.0,55.41,52.6,66.62,-54.38,1905.14,-21.08,,,,0,0,0,5,8,10,0
83,IONQ,23,D-WEAK,DOWNTREND,BEAR,against (1/3),AVOID: quantum,BEARISH,LH,LL,15.0,41.74,Below_Mean,5.0,20.6,4.1,36.84,35.0,44.43,-54.45,14925.2,-11.7,,,,0,0,0,5,8,10,0
84,OKLO,23,D-WEAK,DOWNTREND,BEAR,against (2/3),trade only - binary catalyst,BEARISH,LH,LL,21.0,41.69,Below_Mean,7.0,21.1,3.0,36.98,34.38,44.78,-80.88,6873.35,-13.82,,,,0,0,0,5,8,10,0
85,LEU,22,D-WEAK,WEAK,BEAR,against (0/3),-98% from ATH,BEARISH,LL,LH,12.0,33.6,Below_Mean,15.4,37.6,2.4,139.01,117.64,191.21,-97.98,2843.19,-26.54,,,,3,0,0,0,8,11,0
86,SNA,22,D-WEAK,DOWNTREND,BEAR,against (1/3),,BEARISH,LH,LL,39.0,37.63,Below_Mean,1.5,2.8,1.9,377.11,371.32,387.52,-10.95,19506.81,-9.41,,,,0,0,0,12,0,10,0
87,AAOI,21,D-WEAK,WEAK,BEAR,against (1/3),"AVOID: -$900M FCF, +49% dilution",BEARISH,LL,LH,20.0,40.35,Below_Mean,21.4,20.8,1.0,96.74,76.01,116.9,-57.26,8213.83,-26.51,,,,3,0,0,0,8,10,0
88,BOTZ,21,D-WEAK,WEAK,BEAR,against (1/3),no mkt cap - ETF/fund,BEARISH,LL,LH,11.0,41.0,Below_Mean,3.6,3.6,1.0,34.72,33.48,35.96,-15.7,,-6.39,,,,3,0,0,8,0,10,0
89,HIMS,21,D-WEAK,WEAK,BULL,against (0/3),,BEARISH,LL,LH,18.0,45.52,Near_Mean,2.2,5.1,2.3,28.0,27.38,29.44,-60.79,6532.78,-12.94,,,,3,0,0,10,2,6,0
90,KTOS,21,D-WEAK,WEAK,BEAR,against (0/3),-97% from ATH,BEARISH,LL,LH,6.0,37.98,Below_Mean,4.5,3.9,0.9,47.59,45.47,49.46,-97.04,8924.08,-8.25,,,,3,0,0,8,0,10,0
91,NPPTF,21,D-WEAK,DOWNTREND,BEAR,partial (1/3),micro-cap $52M,BEARISH,LH,LL,1.0,42.52,Near_Mean,6.9,25.0,3.6,0.408,0.38,0.51,-79.39,52.34,14.93,,,,0,0,0,5,8,8,0
92,RGTI,21,D-WEAK,WEAK,BEAR,against (1/3),AVOID: quantum,BEARISH,LL,LH,15.0,46.29,Near_Mean,4.9,11.0,2.2,15.36,14.6,17.05,-73.51,5126.69,-8.34,,,,3,0,0,8,4,6,0
93,SOFI,21,D-WEAK,WEAK,BEAR,partial (2/3),,MIXED,HL,LH,11.0,46.16,Near_Mean,11.9,2.8,0.2,17.27,15.22,17.75,-47.59,22309.68,-5.37,,,,13,0,0,2,0,6,0
94,FIG,20,D-WEAK,WEAK,BEAR,against (1/3),,BEARISH,LL,LH,9.0,43.09,Near_Mean,6.2,7.5,1.2,23.06,21.62,24.78,-83.85,12291.21,-14.97,,,,3,0,0,5,4,8,0
95,TLN,20,D-WEAK,DOWNTREND,BEAR,against (2/3),,BEARISH,LH,LL,21.0,41.65,OS,5.6,11.5,2.1,296.46,279.77,330.64,-33.86,14204.66,-10.12,,,,0,0,0,5,4,11,0
96,AVGO,19,E-AVOID,WEAK,BEAR,against (1/3),TIER 1,BEARISH,LL,LH,20.0,32.46,OS,14.7,9.8,0.7,339.51,289.5,372.7,-29.81,1620695.19,-18.81,17,SELL,,3,0,0,0,4,12,0
97,CRDO,19,E-AVOID,DOWNTREND,BEAR,against (1/3),trade only - customer concentration,BEARISH,LH,LL,11.0,36.18,Below_Mean,7.6,10.2,1.3,161.49,149.14,178.0,-46.16,30352.36,-32.12,23,SELL,,0,0,0,5,4,10,0
98,GLD,18,E-AVOID,WEAK,BEAR,against (0/3),no mkt cap - ETF/fund,BEARISH,LL,LH,11.0,43.2,Near_Mean,5.9,5.6,0.9,391.74,368.64,413.54,-21.49,,4.7,,,,3,0,0,5,2,8,0
99,LMT,18,E-AVOID,DOWNTREND,BEAR,against (0/3),,BEARISH,LH,LL,19.0,44.85,Near_Mean,2.5,1.2,0.5,537.25,524.03,543.59,-22.15,123992.33,-8.27,,,,0,0,0,10,0,8,0
100,COIN,17,E-AVOID,WEAK,BEAR,partial (2/3),,BEARISH,LL,LH,6.0,46.01,Near_Mean,11.2,17.5,1.6,164.51,146.02,193.22,-62.2,43403.81,9.14,,,,3,0,0,2,6,6,0
101,MP,17,E-AVOID,WEAK,BEAR,against (1/3),,BEARISH,LL,LH,12.0,38.69,Near_Mean,22.8,19.5,0.9,48.99,37.81,58.52,-50.14,8725.2,3.2,,,,3,0,0,0,6,8,0
102,STKE,17,E-AVOID,DOWNTREND,BEAR,partial (2/3),micro-cap $44M | -97% from ATH,BEARISH,LH,LL,4.0,45.03,Near_Mean,6.4,20.0,3.1,1.1,1.03,1.32,-96.79,43.69,5.77,,,,0,0,0,5,6,6,0
103,AVAV,16,E-AVOID,DOWNTREND,BULL,against (1/3),,BEARISH,LH,LL,53.0,51.45,Near_Mean,10.1,28.1,2.8,156.45,140.62,200.38,-60.93,7950.9,-7.44,,,,0,0,0,2,8,6,0
104,IRDM,16,E-AVOID,DOWNTREND,BEAR,partial (2/3),,BEARISH,LH,LL,17.0,49.44,Near_Mean,2.7,1.7,0.6,47.28,45.99,48.07,-30.49,5010.81,-4.39,,,,0,0,0,10,0,6,0
105,NPK,16,E-AVOID,WEAK,BULL,partial (1/3),"small-cap $1,091M",MIXED,HL,LH,31.0,60.29,OB,6.7,2.5,0.4,152.84,142.55,156.66,-3.37,1090.68,12.33,,,,13,0,0,5,0,-2,0
106,AMZN,15,E-AVOID,WEAK,BEAR,against (0/3),,BEARISH,LL,LH,11.0,39.45,Near_Mean,8.1,4.7,0.6,245.96,226.16,257.59,-12.49,2653001.61,-11.34,1,NO_SELL,,3,0,0,2,2,8,0
107,GEV,15,E-AVOID,DOWNTREND,BEAR,against (0/3),watchlist,BEARISH,LH,LL,18.0,46.21,Below_Mean,5.5,6.3,1.1,925.09,874.0,983.34,-19.68,246382.54,-9.17,0,NO_SELL,,0,0,0,5,2,8,0
108,MSFT,15,E-AVOID,WEAK,BEAR,partial (1/3),,BEARISH,LL,LH,6.0,51.85,OB,0.9,4.0,4.4,490.3,486.0,509.95,-10.87,3640745.0,-0.32,9,SELL,,3,0,0,12,0,0,0
109,SPY,15,E-AVOID,WEAK,BEAR,against (0/3),no mkt cap - ETF/fund,BEARISH,LL,LH,21.0,49.67,Above_Mean,4.3,0.6,0.1,762.125,729.1,766.38,-2.24,,-0.98,12,NO_SELL,,3,0,0,8,0,4,0
110,UMAC,15,E-AVOID,WEAK,BEAR,against (0/3),"small-cap $1,135M",BEARISH,LL,LH,11.0,45.78,Near_Mean,24.4,15.4,0.6,22.71,17.16,26.2,-34.38,1134.51,-11.99,,,,3,0,0,0,6,6,0
111,ARKB,14,E-AVOID,DOWNTREND,BEAR,partial (2/3),no mkt cap - ETF/fund,BEARISH,LH,LL,2.0,53.58,OB,1.3,5.2,4.0,25.16,24.83,26.48,-39.8,,18.18,3873,NO_SELL,,0,0,0,12,2,0,0
112,BABA,14,E-AVOID,WEAK,BEAR,against (0/3),,BEARISH,LL,LH,25.0,33.73,Below_Mean,12.7,3.7,0.3,107.27,93.61,111.25,-66.24,266632.82,-16.84,,,,3,0,0,0,0,11,0
113,HODL,14,E-AVOID,DOWNTREND,BEAR,partial (2/3),no mkt cap - ETF/fund,BEARISH,LH,LL,2.0,53.84,OB,1.3,5.1,3.9,21.48,21.2,22.57,-39.74,,18.28,407,NO_SELL,,0,0,0,12,2,0,0
114,IBIT,14,E-AVOID,DOWNTREND,BEAR,partial (2/3),no mkt cap - ETF/fund,BEARISH,LH,LL,2.0,53.85,OB,1.6,5.1,3.2,43.04,42.37,45.22,-39.91,,18.27,513,NO_SELL,,0,0,0,12,2,0,0
115,QUBT,13,E-AVOID,DOWNTREND,BEAR,against (0/3),"AVOID: quantum | small-cap $1,867M | -100% from ATH",BEARISH,LH,LL,21.0,50.37,Near_Mean,5.5,4.2,0.8,8.25,7.8,8.6,-99.84,1867.36,-7.09,,,,0,0,0,5,2,6,0
116,RKLB,13,E-AVOID,DOWNTREND,BEAR,against (1/3),,BEARISH,LH,LL,19.0,45.75,Below_Mean,6.7,2.7,0.4,65.89,61.45,67.7,-56.19,42130.79,-12.03,,,,0,0,0,5,0,8,0
117,SLV,11,E-AVOID,WEAK,BEAR,against (0/3),no mkt cap - ETF/fund,BEARISH,LL,LH,13.0,51.3,Near_Mean,13.2,4.6,0.3,58.985,51.19,61.71,-46.14,,5.21,,,,3,0,0,0,2,6,0
118,PLTR,6,E-AVOID,WEAK,BEAR,partial (1/3),trade only - ~92x fwd,BEARISH,LL,LH,10.0,55.1,OB,6.0,0.9,0.1,175.045,164.55,176.59,-16.07,420295.15,10.56,16,SELL,,3,0,0,5,0,-2,0
119,PANW,4,E-AVOID,DOWNTREND,BEAR,partial (1/3),,BEARISH,LH,LL,16.0,53.78,OB,10.1,6.1,0.6,365.0,328.0,387.33,-9.21,298569.99,0.52,,,,0,0,0,2,2,0,0
120,DELL,-2,E-AVOID,DOWNTREND,BULL,confirmed (3/3),,BEARISH,LH,LL,31.0,63.28,OB,24.7,,,563.29,424.0,,-1.14,358146.93,20.55,,,,0,0,0,0,0,-2,0
121,TEM,-4,E-AVOID,DOWNTREND,BULL,partial (2/3),,BEARISH,LH,LL,0.0,66.62,OB,21.5,3.8,0.2,73.52,57.72,76.33,-28.85,13265.56,56.96,,,,0,0,0,0,0,-4,0
